{"minzoom":0,"maxzoom":9,"center":[91.054687,24.846154,9.0],"bounds":[88.012199,20.634852,92.668365,26.645321]}